algorithm,total_users,anomaly_users,normal_users,anomaly_ratio,accuracy,precision,recall,f1_score,silhouette_score
K-Means,50000,2500,47500,5.0,0.50128,0.5164,0.05160284595091534,0.0938294934224871,0.15138705014150078
DBSCAN,50000,2816,47184,5.63,0.49996,0.5028409090909091,0.056599248541050445,0.10174606596249192,0.12400035619045213
Isolation Forest,50000,2500,47500,5.0,0.49984,0.502,0.05016388200495643,0.09121302420234029,0.042436116873042655
