is_anomaly,user_count,bot_count,bot_ratio,avg_anomaly_score,avg_retweet_count,avg_mention_count,avg_follower_count,avg_hashtag_count,avg_account_age_days
0,47500,23727,49.95,2.500610652597034,49.942652631578945,2.5128631578947367,4990.600610526316,2.5031578947368422,624.1163578947369
1,2500,1291,51.64,3.5250481059258667,51.2016,2.5308,4950.636,2.4452,613.1924
