cluster,user_count,bot_count,bot_ratio,avg_anomaly_score,avg_retweet_count,avg_mention_count,avg_follower_count,avg_verified,avg_tweet_length,avg_username_length,avg_hashtag_count,avg_account_age_days
0,20845,10368,49.74,2.5402668347467303,50.11355241065004,2.5226673063084672,4980.797217558167,100.0,62.5454065723195,9.812664907651715,3.008587191172943,621.9456944111298
1,8341,4180,50.11,2.60188261229811,50.27874355592854,2.506533988730368,4977.287135835032,49.86,62.85121688046997,9.775926147943892,0.0,624.9375374655317
2,20814,10470,50.3,2.543358375309871,49.788027289324496,2.5077351782454116,5000.953636975113,0.0,62.619679062169695,9.806044008840203,2.9931296242913423,624.6490823484194
