is_anomaly,user_count,bot_count,bot_ratio,avg_retweet_count,avg_mention_count,avg_follower_count,avg_verified,avg_tweet_length,avg_username_length,avg_hashtag_count,avg_account_age_days
0,47184,23602,50.02,49.960643438453715,2.5129493048491014,4992.970371312309,50.06,62.234316717531364,9.604950830790099,2.5397168531705665,624.5896066463208
1,2816,1416,50.28,50.75887784090909,2.52734375,4915.413707386364,49.18,69.21271306818181,13.135298295454545,1.8391335227272727,606.4886363636364
