cluster,user_count,bot_count,bot_ratio,avg_retweet_count,avg_mention_count,avg_follower_count,avg_verified,avg_tweet_length,avg_username_length,avg_hashtag_count,avg_account_age_days
-1,2816,1416,50.28,50.75887784090909,2.52734375,4915.413707386364,49.18,69.21271306818181,13.135298295454545,1.8391335227272727,606.4886363636364
0,20009,9946,49.71,50.12119546204208,2.5222649807586586,4986.0930581238445,100.0,62.1615772902194,9.650557249237844,3.0060972562346944,622.4875805887351
1,19914,10008,50.26,49.74354725318871,2.5065280707040274,4993.214070503163,0.0,62.216832379230695,9.623932911519534,2.9971376920759263,626.1000301295571
2,3651,1815,49.71,49.313886606409206,2.4678170364283756,4908.814845247877,0.0,62.20323199123528,9.470556012051492,0.0,619.0542317173378
3,3610,1833,50.78,50.9224376731302,2.542382271468144,5114.85595567867,100.0,62.765373961218835,9.383379501385042,0.0,633.506648199446
